key,name,parent,definition,scope,axis
government-ethics,Government ethics,government,"Rules and norms about how people who hold public power may use it, and who checks them.","Conflicts of interest, disclosure, clemency, appointments and the limits on each. Electoral rules and campaign finance have their own topics.",
public-office-private-gain,Public office and private gain,government-ethics,"Whether, and how, the law should stop officeholders and their families from using an office to make money.","Holdings and trading rules, family appointments, published tax returns and the reversal of pardons. Bribery statutes and lobbying rules belong to neighbouring topics.",favors stricter rules against officials profiting from their office; negative favors leaving officials free to own and trade as any other citizen does
business-and-economy,Business & Economy,,"Beliefs about how people trade, work, invest and are paid, and what the law should do about it.",,
business,Business,business-and-economy,"Business covers how companies are owned, governed and run, and whom they must answer to.",,
finance,Finance,business-and-economy,"Finance covers banking, lending, investing and the markets where money changes hands.",,
trade,Trade,business-and-economy,Trade covers the buying and selling of goods and services across national borders and the barriers governments place on it.,,"favors open trade with few barriers, negative favors tariffs and protection for home industries."
jobs,Jobs,business-and-economy,"Jobs covers pay, hiring, firing and working conditions, and how much of that the law should set.",,
consumer-protection,Consumer Protection,business-and-economy,Consumer Protection covers the rules that govern what companies may sell to the public and how they must treat the people who buy from them.,,"favors stronger government rules protecting buyers, negative favors fewer rules and leaving buyers and sellers to sort things out."
computers-and-internet,Computers & Internet,,"Beliefs about software, networks and the rules that govern them.",,
internet,Internet,computers-and-internet,"How the internet is run and who sets its rules, from the companies that carry traffic to the laws that govern access, speech and content.",,
software,Software,computers-and-internet,"How programs are built, licensed, sold and maintained, and how much control the people who use them get over what runs on their devices.",,
privacy-and-data,Privacy and Data,computers-and-internet,"How personal information is collected, stored, shared and protected by companies and governments, and what people can do about it.",,
games,Games,computers-and-internet,"Video games, how they are made and sold, how they make money, and what effect they have on the people who play them.",,
artificial-intelligence,Artificial Intelligence,computers-and-internet,"Computer systems that learn from data to write, draw, predict and decide, and the rules for how they are built and used.",,favors stronger limits and oversight on how AI is built and used; negative favors letting it develop and spread with fewer restrictions.
news-and-media,News & Media,,"Beliefs about how news is made, paid for and trusted.",,
newspapers,Newspapers,news-and-media,"How printed and online newspapers gather news, pay for it, and reach readers, and whether they still matter as institutions.",,
television,Television,news-and-media,"Broadcast and cable television news, including who owns it, how it is regulated, and whether it leaves viewers better informed.",,
radio,Radio,news-and-media,"AM, FM, satellite, and public radio as sources of news, including talk radio and local stations.",,
social-media,Social Media,news-and-media,"How social platforms spread news, decide who sees what, and what they owe the public and the publishers whose work they carry.",,"favors platforms taking, or being made to take, more responsibility for the news they spread (paying publishers, labeling, moderating); negative favors platforms as open pipes with as little interference as possible."
press-freedom,Press Freedom,news-and-media,"The legal and practical protections journalists have from governments, courts, and powerful private parties, and the limits on what they may publish and how they get it.",,"favors stronger and broader protections for journalists and publishers; negative favors more limits on, or more accountability for, what journalists publish and how they obtain it."
entertainment,Entertainment,,"Beliefs about film, music, humor and the industries behind them.",,
movies,Movies,entertainment,"Feature films and the business that makes, releases and shows them, from theaters to streaming services.",,
music,Music,entertainment,"Recorded and live music, the people who make it, and the labels, streaming services and platforms that carry it to listeners.",,
humor,Humor,entertainment,"Comedy in stand-up, film, television and online, and the arguments over what jokes are acceptable and who decides.",,
publishing,Publishing,entertainment,"The business of producing and selling books, from traditional publishing houses to self-publishing and ebooks.",,
recreation-and-sports,Recreation & Sports,,"Beliefs about sport, travel, cars and the outdoors.",,
sports,Sports,recreation-and-sports,"Sports covers how organized athletics, from youth leagues to professional teams, are run, funded and regulated, and what they do to the people who play and watch them.",,
travel,Travel,recreation-and-sports,"Travel covers how people move around for leisure and what tourism does to travelers, to the places they visit and to the wider world.",,
autos,Autos,recreation-and-sports,"Autos covers cars and driving: how vehicles are built, powered and regulated, and how much of daily life should depend on them.",,
outdoors,Outdoors,recreation-and-sports,"Outdoors covers hunting, fishing, hiking, camping and other recreation on natural land, and how that land is managed and shared.",,
health,Health,,"Beliefs about disease, treatment, fitness and the systems that deliver care.",,
diseases,Diseases,health,"How societies prevent, detect, and respond to illness, from infectious outbreaks to chronic conditions like cancer and diabetes.",,
drugs,Drugs,health,"Prescription medicines, over-the-counter products, and recreational substances, including how they are approved, priced, sold, and regulated.",,
fitness,Fitness,health,"Exercise, physical activity, and the habits and products people use to stay in shape and stay able-bodied as they age.",,
medicine,Medicine,health,"How doctors and other clinicians diagnose and treat patients, and how medical knowledge is judged, standardized, and applied.",,
health-insurance,Health Insurance,health,"How the cost of medical care is pooled and paid, whether through private plans, employers, individual payment, or government programs.",,
government,Government,,"Beliefs about how public power is won, held, used and checked.",,
elections,Elections,government,"How voters choose officeholders, including who may vote, how ballots are cast and counted, and how campaigns are run.",,
military,Military,government,"How a country raises, funds, and uses its armed forces, and who decides when they fight.",,favors a larger military that is used more readily; negative favors a smaller force used with more restraint.
law,Law,government,"How laws are enforced and judged, including policing, courts, bail, and punishment.",,
taxes,Taxes,government,"How government raises money from people and businesses, including who pays, how much, and on what.",,favors higher or broader taxation; negative favors lower or narrower taxation.
regional,Regional,,"Beliefs that belong to one place: a country, a region, a state or a city.",,
countries,Countries,regional,"Beliefs about the direction, policies, or condition of a single nation taken as a whole.",,
regions,Regions,regional,"Beliefs about a part of a country, or an area that crosses borders, that is larger than one city but not a whole sovereign country.",,
u-s-states,U.S. States,regional,Beliefs about policies and choices made at the level of an individual American state.,,
cities,Cities,regional,"Beliefs about how a particular city should be built, run, or paid for.",,
society-and-culture,Society & Culture,,"Beliefs about people, communities, the environment and belief itself.",,
people,People,society-and-culture,"People covers human nature, personal character, and how much of a person's life is shaped by their own choices as opposed to the circumstances they were born into.",,
environment,Environment,society-and-culture,"Environment covers how people should use, protect, and share natural resources such as land, air, water, wildlife, and the climate.",,
religion,Religion,society-and-culture,"Religion covers the role of faith, religious institutions, and religious belief in personal life, community life, and public decisions.",,"holds that religion is good for people and society and deserves a larger public role, negative holds that religion does harm or should stay a private matter."
family,Family,society-and-culture,"Family covers marriage, parenting, household structure, and the duties people owe to their relatives.",,
crime-and-justice,Crime and Justice,society-and-culture,"Crime and Justice covers how society should prevent crime, punish people who commit it, and treat both victims and the accused.",,
education,Education,,"Beliefs about schools, universities and how people learn.",,
college-and-university,College and University,education,"Covers education after high school at colleges and universities: who should attend, what it should teach, how it is run, and whether it is worth what it costs.",,
k-12,K-12,education,"Covers schooling from kindergarten through high school: what is taught, how schools are run and funded, and how families choose among them.",,
teaching,Teaching,education,"Covers how teachers are trained, paid, evaluated and supported, and how much control they have over what happens in their classrooms.",,
student-debt,Student Debt,education,"Covers loans taken out to pay for college, how they are repaid, and who should bear the cost when borrowers cannot.",,
arts-and-humanities,Arts & Humanities,,"Beliefs about art, history, literature and philosophy.",,
photography,Photography,arts-and-humanities,"Photography covers how pictures are made with a camera, how they are edited and shown, and how they should be judged as art or as records.",,
history,History,arts-and-humanities,"History covers how the past is studied, written, taught and remembered in public, including monuments, textbooks and popular retellings.",,
literature,Literature,arts-and-humanities,"Literature covers what people read, how books are judged and taught, and what fiction and poetry are for.",,
philosophy,Philosophy,arts-and-humanities,"Philosophy covers the big questions about knowledge, right and wrong, meaning and the mind, and the question of whether thinking about them carefully is worth doing.",,
science,Science,,Beliefs about what is known about the natural world and how.,,
animals,Animals,science,"Animals covers what is known about how other animals think, feel and behave, and how much their inner lives resemble ours.",,
astronomy,Astronomy,science,"Astronomy covers what is known about planets, stars, galaxies and the universe beyond Earth, including whether life exists elsewhere.",,
engineering,Engineering,science,"Engineering covers what is known about designing and building machines, structures and systems that work reliably in the real world.",,
climate,Climate,science,"Climate covers what is known about how Earth's climate works, how much it is changing, why, and what can be predicted about it.",,
physics,Physics,science,"Physics covers what is known about matter, energy, space and time, and how far its current theories and big experiments can be trusted.",,
social-science,Social Science,,"Beliefs about how people behave, alone and together.",,
languages,Languages,social-science,"How people learn, use, and pass on languages, and how societies decide which languages get taught, protected, or left to fade.",,
archaeology,Archaeology,social-science,"The study of past human life through physical remains, and the rules about who may dig up, keep, and display what is found.",,
psychology,Psychology,social-science,"How the mind works, why people feel and act as they do, and how mental health problems are understood and treated.",,
economics,Economics,social-science,"How people produce, trade, and share goods and money, and what government should do about markets, prices, and wages.",,
sociology,Sociology,social-science,"How groups, institutions, and social forces shape the way people live, and what holds communities together or pulls them apart.",,
reference,Reference,,"Definitions, statistics and quotations the other topics rest on.",,
dictionaries,Dictionaries,reference,"How dictionaries decide which words and meanings to include, and whether their job is to describe how people use words or to set a standard for correct use.",,
statistics,Statistics,reference,"How statistics are produced, reported and used in public argument, and how much trust they deserve compared with other ways of knowing.",,
quotations,Quotations,reference,"How quotations are attributed, checked and used as authority in argument and in reference works.",,
core-principles,Core Principles,society-and-culture,The principles the other positions on this site are argued from.,,
democracy-and-rule-of-law,Democracy & Rule of Law,government,"How elections, courts and the constitution keep power answerable, and how to strengthen them.",,
rights-and-liberty,Rights & Liberty,government,The freedoms the law protects and the responsibilities that come with them.,,
evidence-and-process,Evidence & Process,government,"How public decisions should be made: on evidence, with scorecards, and with a view to the wider world.",,
energy,Energy,business-and-economy,"How energy is produced, priced and researched.",,
immigration,Immigration,government,"Who may come to the country, on what terms, and how the rules are enforced.",,"favors more immigration; negative favors less, down to halting it"
caitlin-clark,Caitlin Clark,sports,"Beliefs about Caitlin Clark: her effect on the WNBA's audience and money, how she is treated on the court and in coverage, and where she stands among players.",,Clark's arrival explains the WNBA's growth and she is treated unfairly for it; negative means the growth has broader causes and the treatment is ordinary
greatest-of-all-time,Greatest of all time,sports,"Beliefs ranking athletes against each other across eras: who was the best, and what best means.",,
sports-and-money,Sports and money,sports,"Beliefs about what money does to sports: pay, betting, college athletes and the fans who pay for it all.",,money has made the sport better; negative means it has made it worse
movies-and-television,Movies and television,movies,"Beliefs about what is on screen: franchises, remakes, streaming, awards and what is worth watching.",,
popular-music,Popular music,music,"Beliefs about the music most people listen to: who is great, what streaming did, and whether the old days were better.",,
everyday-arguments,Everyday arguments,humor,"The arguments people have for fun and keep having: food, manners and the small rules of daily life.",,
online-life,Online life,social-media,"Beliefs about what living online does to people: phones, feeds, children, attention and truth.",,social media and phones do more good than harm; negative means more harm
art-and-machines,Art and machines,artificial-intelligence,"Beliefs about machine-made art, writing and music: whether it is art, whether it should be sold, and what it does to the people who used to make those things.",,machine-made work is legitimate art and good for culture; negative means it is not
